<eml:eml xmlns:eml="eml://ecoinformatics.org/eml-2.1.1" 
    xmlns:md="eml://ecoinformatics.org/methods-2.1.1" 
    xmlns:proj="eml://ecoinformatics.org/project-2.1.1" 
    xmlns:d="eml://ecoinformatics.org/dataset-2.1.1" 
    xmlns:res="eml://ecoinformatics.org/resource-2.1.1" 
    xmlns:dc="http://purl.org/dc/terms/" 
    xmlns:xsi="http://www.w3.org/2001/XMLSchema-instance"
    xsi:schemaLocation="eml://ecoinformatics.org/eml-2.1.1 http://rs.gbif.org/schema/eml-gbif-profile/1.0.1/eml.xsd"
    packageId="835ff8be-ea5c-45e4-b3f3-126852ac56fe/v7" system="http://gbif.org" scope="system" xml:lang="eng">

    <dataset>
      <title xml:lang="eng">nysm_mammals</title>
      <creator>
    <individualName>
      <givenName>Laura</givenName>
      <surName>Russell</surName>
    </individualName>
    <organizationName>VertNet</organizationName>
    <positionName>VertNet Programmer</positionName>
    <address>
      <deliveryPoint>1345 Jayhawk Blvd. Room 606</deliveryPoint>
      <city>Lawrence</city>
      <administrativeArea>KS</administrativeArea>
      <postalCode>66045</postalCode>
      <country>US</country>
    </address>
    <phone>7858644681</phone>
    <electronicMailAddress>larussell@vertnet.org</electronicMailAddress>
    <onlineUrl>http://www.vertnet.org</onlineUrl>
      </creator>
      <metadataProvider>
    <individualName>
      <givenName>David</givenName>
      <surName>Gerhard</surName>
    </individualName>
    <organizationName>New York State Museum</organizationName>
    <positionName>Director, Technology Center</positionName>
    <address>
      <deliveryPoint>3140 Cultural Education Center</deliveryPoint>
      <city>Albany</city>
      <administrativeArea>NY</administrativeArea>
      <postalCode>12230</postalCode>
      <country>US</country>
    </address>
    <phone>5184745818</phone>
    <electronicMailAddress>dgerhard@mail.nysed.gov</electronicMailAddress>
    <onlineUrl>http://www.nysm.nysed.gov/research_collections/</onlineUrl>
      </metadataProvider>
	  <pubDate>
      	2011-06-10
      </pubDate>
      <language>eng</language>
      <abstract>
        <para>Museum specimens including skins, skeletons, fluid preservations, and frozen tissue.</para>
      </abstract>
      <additionalInfo>
        <para>The New York State Museum (http://www.nysm.nysed.gov) is part of the Office of Cultural Education (http://www.oce.nysed.gov) within the New York State Education Department (http://www.nysed.gov).</para>
      </additionalInfo>
      <intellectualRights>
        <para>NYSM data records may be used by individual researchers or research
groups, but they may not be repackaged, resold, or redistributed in any
form without the express written consent of a curatorial staff member of
the NYSM. If any of these records are used in an analysis or report, the
provenance of the original data must be acknowledged and the NYSM
notified. The NYSM and its staff are not responsible
for damages, injury or loss due to the use of these data.</para>
      </intellectualRights>
      <contact>
    <individualName>
      <givenName>Joe</givenName>
      <surName>Bopp</surName>
    </individualName>
    <organizationName>New York State Museum</organizationName>
    <positionName>Collections Manager, Mammalogy and Ornithology</positionName>
    <address>
      <deliveryPoint>3140 Cultural Education Center</deliveryPoint>
      <city>Albany</city>
      <administrativeArea>NY</administrativeArea>
      <postalCode>12230</postalCode>
      <country>US</country>
    </address>
    <phone>5184862005</phone>
    <electronicMailAddress>jbopp@mail.nysed.gov</electronicMailAddress>
      </contact>
    </dataset>
    <additionalMetadata>
     <metadata>
      <gbif>
        <dateStamp>2011-06-10T02:04:23.582-05:00</dateStamp>
        <hierarchyLevel>dataset</hierarchyLevel>
        <citation>New York State Museum</citation>
        <resourceLogoUrl>http://vertnet.nhm.ku.edu:8080/ipt/logo.do?r=nysm_mammals</resourceLogoUrl>
        <dc:replaces>835ff8be-ea5c-45e4-b3f3-126852ac56fe/v6.xml</dc:replaces>
      </gbif>
     </metadata>
    </additionalMetadata>
</eml:eml>
